Masa Fina,Salsa Pesto,Queso Mozarella,Aceitunas,Jamon,Pepperoni,Horno,Caja de carton,Cerveza,Pepperoni
Masa Fina,Salsa Pesto,Queso Mozarella,Tomate natural,Cebolla,Pepperoni,Horno,Caja de carton,Cerveza,Pepperoni
Masa Fina,Salsa Pesto,Queso Mozarella,Pepperoni,Pepperoni,Pepperoni,Horno,Caja de carton,Cerveza,Pepperoni
Masa Fina,Salsa Pesto,Queso Mozarella,Pepperoni,Pepperoni,Pepperoni,Horno,Caja de carton,Cerveza,Pepperoni
Masa Fina,Salsa Pesto,Queso Mozarella,Pepperoni,Pepperoni,Pepperoni,Horno,Caja de carton,Cerveza,Pepperoni
Masa Fina,Salsa Pesto,Queso Mozarella,Pepperoni,Pepperoni,Pepperoni,Horno,Caja de carton,Cerveza,Pepperoni
Masa Fina,Salsa Pesto,Queso Mozarella,Pepperoni,Pepperoni,Pepperoni,Horno,Caja de carton,Cerveza,Pepperoni
Masa Fina,Salsa Pesto,Queso Mozarella,Aceitunas,Champi�ones,Pepperoni,Horno,Caja de carton,Cerveza,Pepperoni
Masa Fina,Salsa Pesto,Queso Mozarella,Jamon,Champi�ones,Pepperoni,Horno,Caja de carton,Cerveza,Pepperoni
Masa Fina,Salsa Pesto,Queso Mozarella,Pepperoni,Pepperoni,Pepperoni,Horno,Caja de carton,Cerveza,Pepperoni
Masa Fina,Salsa Pesto,Queso Mozarella,Pepperoni,Pepperoni,Pepperoni,Horno,Caja de carton,Cerveza,Pepperoni
Masa Fina,Salsa Pesto,Queso Mozarella,Pepperoni,Pepperoni,Pepperoni,Horno,Caja de carton,Cerveza,Pepperoni
Masa Fina,Salsa Pesto,Queso Mozarella,Pepperoni,Pepperoni,Pepperoni,Horno,Caja de carton,Cerveza,Pepperoni
